net_name,acc_diff
VGG16,0.029843749999999985
alexnet,0.018203124999999987
