net_name,acc_diff
VGG16,0.16843749999999996
alexnet,0.161328125
