net_name,RVvGV,RVvRHGV,2_v_5
alexnet,0.007988721804511267,0.3470394736842106,0.11419172932330812
VGG16,0.0046992481203007586,0.04064849624060152,0.3460996240601504
