net_name,RVvGV,RVvRHGV,2_v_5
alexnet,0.012218045112781906,0.3265977443609023,0.12640977443609025
VGG16,0.0046992481203007586,0.04064849624060152,0.3460996240601504
