net_name,stimulus,set_size_1_acc,set_size_8_acc,acc_diff
VGG16,2_v_5,0.9898966165413534,0.643796992481203,0.3460996240601504
VGG16,RVvGV,1.0,0.9953007518796992,0.0046992481203007586
VGG16,RVvRHGV,1.0,0.9593515037593985,0.04064849624060152
alexnet,2_v_5,0.6729323308270677,0.5465225563909775,0.12640977443609025
alexnet,RVvGV,1.0,0.9877819548872181,0.012218045112781906
alexnet,RVvRHGV,0.9967105263157895,0.6701127819548872,0.3265977443609023
