net_name,acc_diff
alexnet,0.15640664160401
VGG16,0.1304824561403509
