net_name,acc_diff
alexnet,0.1550751879699248
VGG16,0.1304824561403509
