stimulus,acc_diff,set_size_1_acc
RVvGV,0.006343984962406013,1.0
RVvRHGV,0.19384398496240607,0.999765037593985
2_v_5,0.23014567669172925,0.8295347744360901
