stimulus,acc_diff,set_size_1_acc
RVvGV,0.008458646616541332,1.0
RVvRHGV,0.1836231203007519,0.9983552631578947
2_v_5,0.23625469924812031,0.8314144736842106
