net_name,acc_diff
CORnet_Z,0.22203947368421054
CORnet_S,0.1884398496240602
VGG16,0.17136591478696747
alexnet,0.0057957393483708914
