stimulus,acc_diff,set_size_1_acc
RVvGV,0.1849154135338346,0.7756696428571428
RVvRHGV,0.1490836466165414,0.7104675751879699
2_v_5,0.10673167293233085,0.6542528195488722
