net_name,acc_diff
CORnet_S,0.2007362155388471
VGG16,0.18961466165413543
alexnet,0.15029761904761899
CORnet_Z,0.11152882205513792
