stimulus,acc_diff,set_size_1_acc
RVvGV,0.078888627819549,1.0
RVvRHGV,0.14955357142857142,0.9976503759398496
2_v_5,0.2606907894736842,0.9083059210526315
