stimulus,acc_diff,set_size_1_acc
RVvGV,0.0,1.0
RVvRHGV,0.0,1.0
2_v_5,0.15425281954887216,0.9615836466165413
