net_name,acc_diff
alexnet,0.18554197994987465
VGG16,0.13314536340852126
CORnet_S,0.09194862155388472
CORnet_Z,0.07510964912280697
