stimulus,acc_diff,set_size_1_acc
RVvGV,0.10244360902255636,0.9939497180451128
RVvRHGV,0.19625234962406013,0.9692199248120301
2_v_5,0.06561325187969921,0.6151903195488722
