net_name,RVvRHGV,RVvGV,2_v_5
alexnet,0.08764097744360899,0.011748120300751896,0.29605263157894723
