stimulus,acc_diff,set_size_1_acc
RVvRHGV,0.08764097744360899,1.0
RVvGV,0.011748120300751896,1.0
2_v_5,0.29605263157894723,0.8277725563909774
