net_name,RVvRHGV,RVvGV,2_v_5
VGG16,0.06531954887218039,0.019031954887218094,0.41423872180451127
alexnet,0.08482142857142849,0.05827067669172925,0.2760808270676691
