net_name,acc_diff
VGG16,0.1661967418546366
alexnet,0.13972431077694228
