stimulus,acc_diff,set_size_1_acc
RVvRHGV,0.07507048872180444,1.0
RVvGV,0.03865131578947367,1.0
2_v_5,0.3451597744360902,0.8915648496240601
