net_name,RVvGV,RVvRHGV,2_v_5
alexnet,0.1400375939849624,0.15084586466165417,0.0
VGG16,0.15695488721804507,0.11936090225563911,0.007988721804511378
