net_name,acc_diff
alexnet,0.09696115288220553
VGG16,0.09476817042606518
