stimulus,acc_diff,set_size_1_acc
RVvGV,0.14849624060150374,0.7196898496240602
RVvRHGV,0.13510338345864664,0.6541353383458647
2_v_5,0.003994360902255689,0.5103383458646618
