stimulus,acc_diff,set_size_1_acc
RVvGV,0.15695488721804507,0.7142857142857143
RVvRHGV,0.11936090225563911,0.6574248120300752
2_v_5,0.007988721804511378,0.5206766917293234
