,net_name,source_dataset,slope,intercept
2,VGG16,Stylized ImageNet,-0.4007912220752095,-0.060257020795910755
1,VGG16,ImageNet,0.08504635164192134,-0.16133139004243535
3,VGG16,search stimuli (classify),0.2938184137848616,-0.5729465143895726
0,VGG16,"DomainNet, Clipart domain",0.46018726149033135,-0.5484015905438556
6,alexnet,Stylized ImageNet,0.11031585084842359,-0.12171855795582334
4,alexnet,"DomainNet, Clipart domain",0.13162267599948413,-0.1416809744895951
5,alexnet,ImageNet,0.1900147895789235,-0.15578679463593875
7,alexnet,search stimuli (classify),0.24862101643126194,-0.5680364526036563
