net_name,acc_diff
alexnet,0.212109375
VGG16,0.15648437499999998
