net_name,acc_diff
CORnet_S,0.220625
CORnet_Z,0.21703124999999995
VGG16,0.20179687500000001
alexnet,0.18367187499999996
